1|Alex Ardelean|mortu@deadman.com|221|prof1
2|Johnny|@yahoo.com|227|Bufny
3|asdf|wafesd|sgdf|QSA
5|asdf|asfgd|sfd|sfd
7|Chis Ioan Traian|chisioantraian@yahoo.com|227|Bufny
8|jon|ion@sdf|221dawsf|sdn
9|uy|y|y|y
10|Popescu Paul|Popescu.Paul@yahoo.com|gr221|Popescu
11|Popescu Stefan|Popescu.Stefan@yahoo.com|gr223|Popescu
12|Ionescu Bogdan|Ionescu.Bogdan@yahoo.com|gr224|Serban
13|Pop Vlad|Pop.Vlad@yahoo.com|gr226|Popescu
14|Georgescu Alexandra|Georgescu.Alexandra@yahoo.com|gr225|Serban
15|Muntean Nicoleta|Muntean.Nicoleta@yahoo.com|gr222|Bufnea
16|Ghiurea Alexandra|Ghiurea.Alexandra@yahoo.com|gr222|Bufnea
17|Georgescu Stefan|Georgescu.Stefan@yahoo.com|gr223|Czibula
18|Jecan Ioana|Jecan.Ioana@yahoo.com|gr225|Popescu
19|Ardelean Ioan|Ardelean.Ioan@yahoo.com|gr221|Czibula
20|Ardelean Traian|Ardelean.Traian@yahoo.com|gr222|Serban
21|Jecan Antonia|Jecan.Antonia@yahoo.com|gr221|Serban
22|Dobrogean Traian|Dobrogean.Traian@yahoo.com|gr221|Serban
23|Georgescu Antonia|Georgescu.Antonia@yahoo.com|gr223|Vancea
24|Moldovean Sergiu|Moldovean.Sergiu@yahoo.com|gr221|Bufnea
25|Popa Ioan|Popa.Ioan@yahoo.com|gr223|Czibula
26|Muntean Alexandru|Muntean.Alexandru@yahoo.com|gr226|Czibula
27|Dobrogean Bogdan|Dobrogean.Bogdan@yahoo.com|gr223|Serban
28|Ardelean Iulia|Ardelean.Iulia@yahoo.com|gr221|Serban
29|Popescu Ioan|Popescu.Ioan@yahoo.com|gr221|Popescu
30|Ghiurea Sergiu|Ghiurea.Sergiu@yahoo.com|gr226|Vancea
31|Ardelean Adina|Ardelean.Adina@yahoo.com|gr225|Serban
32|Muntean Ioana|Muntean.Ioana@yahoo.com|gr226|Czibula
33|Dobrogean Ioana|Dobrogean.Ioana@yahoo.com|gr222|Vancea
34|Georgescu Traian|Georgescu.Traian@yahoo.com|gr225|Vancea
35|Firtulescu Iulia|Firtulescu.Iulia@yahoo.com|gr222|Serban
36|Georgescu Nicoleta|Georgescu.Nicoleta@yahoo.com|gr221|Serban
37|Pop Nicoleta|Pop.Nicoleta@yahoo.com|gr226|Bufnea
38|Muntean Andrei|Muntean.Andrei@yahoo.com|gr223|Popescu
39|Ardelean Ilie|Ardelean.Ilie@yahoo.com|gr221|Popescu
40|Georgescu Ilie|Georgescu.Ilie@yahoo.com|gr224|Serban
41|Popa Mark|Popa.Mark@yahoo.com|gr222|Popescu
42|Pop Ilie|Pop.Ilie@yahoo.com|gr222|Vancea
43|Ardelean Antonia|Ardelean.Antonia@yahoo.com|gr221|Czibula
44|Dobrogean Paula|Dobrogean.Paula@yahoo.com|gr225|Bufnea
45|Popescu Bogdan|Popescu.Bogdan@yahoo.com|gr221|Bufnea
46|Moldovean Alexandru|Moldovean.Alexandru@yahoo.com|gr222|Popescu
47|Dobrogean Ilie|Dobrogean.Ilie@yahoo.com|gr224|Vancea
48|Jecan Nicolae|Jecan.Nicolae@yahoo.com|gr226|Czibula
49|Ghiurea Paul|Ghiurea.Paul@yahoo.com|gr221|Bufnea
50|Georgescu Andrei|Georgescu.Andrei@yahoo.com|gr226|Vancea
51|Popa Antonia|Popa.Antonia@yahoo.com|gr224|Popescu
52|Vladimirescu Andrei|Vladimirescu.Andrei@yahoo.com|gr222|Czibula
53|Muntean Alexandra|Muntean.Alexandra@yahoo.com|gr223|Czibula
54|Ghiurea Dominik|Ghiurea.Dominik@yahoo.com|gr223|Vancea
55|Firtulescu Ioana|Firtulescu.Ioana@yahoo.com|gr224|Vancea
56|Firtulescu Ovidiu|Firtulescu.Ovidiu@yahoo.com|gr226|Popescu
57|Pop Vlad|Pop.Vlad@yahoo.com|gr226|Popescu
58|Pop Ioan|Pop.Ioan@yahoo.com|gr223|Vancea
59|Georgescu Ioana|Georgescu.Ioana@yahoo.com|gr222|Vancea
60|Moldovean Stefan|Moldovean.Stefan@yahoo.com|gr222|Serban
61|Jecan Mark|Jecan.Mark@yahoo.com|gr221|Czibula
62|Ghiurea Ioan|Ghiurea.Ioan@yahoo.com|gr223|Popescu
63|Ionescu Alexandra|Ionescu.Alexandra@yahoo.com|gr225|Popescu
64|Ionescu Paula|Ionescu.Paula@yahoo.com|gr221|Popescu
65|Ghiurea Adina|Ghiurea.Adina@yahoo.com|gr224|Popescu
66|Ionescu Ovidiu|Ionescu.Ovidiu@yahoo.com|gr224|Bufnea
67|Muntean Bogdan|Muntean.Bogdan@yahoo.com|gr221|Popescu
68|Popescu Alexandru|Popescu.Alexandru@yahoo.com|gr225|Bufnea
69|Georgescu Ilie|Georgescu.Ilie@yahoo.com|gr226|Serban
70|Muntean Vlad|Muntean.Vlad@yahoo.com|gr223|Czibula
71|Firtulescu Mark|Firtulescu.Mark@yahoo.com|gr224|Serban
72|Ardelean Alexandru|Ardelean.Alexandru@yahoo.com|gr221|Bufnea
73|Jecan Andrei|Jecan.Andrei@yahoo.com|gr226|Bufnea
74|Firtulescu Paula|Firtulescu.Paula@yahoo.com|gr224|Serban
75|Popescu Traian|Popescu.Traian@yahoo.com|gr226|Serban
76|Ionescu Sergiu|Ionescu.Sergiu@yahoo.com|gr225|Czibula
77|Popescu Nicolae|Popescu.Nicolae@yahoo.com|gr223|Popescu
78|Firtulescu Paula|Firtulescu.Paula@yahoo.com|gr226|Serban
79|Vladimirescu Stefan|Vladimirescu.Stefan@yahoo.com|gr221|Czibula
80|Ardelean Ioan|Ardelean.Ioan@yahoo.com|gr222|Popescu
81|Ionescu Andrei|Ionescu.Andrei@yahoo.com|gr225|Serban
82|Popa Bogdan|Popa.Bogdan@yahoo.com|gr224|Czibula
83|Popescu Stefan|Popescu.Stefan@yahoo.com|gr226|Popescu
84|Jecan Traian|Jecan.Traian@yahoo.com|gr225|Bufnea
85|Muntean Paul|Muntean.Paul@yahoo.com|gr224|Serban
86|Firtulescu Ioan|Firtulescu.Ioan@yahoo.com|gr221|Popescu
87|Vladimirescu Stefan|Vladimirescu.Stefan@yahoo.com|gr222|Czibula
88|Pop Andrei|Pop.Andrei@yahoo.com|gr225|Serban
89|Popa Ovidiu|Popa.Ovidiu@yahoo.com|gr221|Popescu
90|Dobrogean Nicolae|Dobrogean.Nicolae@yahoo.com|gr224|Serban
91|Ghiurea Ovidiu|Ghiurea.Ovidiu@yahoo.com|gr221|Vancea
92|Jecan Paula|Jecan.Paula@yahoo.com|gr226|Popescu
93|Moldovean Traian|Moldovean.Traian@yahoo.com|gr224|Vancea
94|Firtulescu Nicoleta|Firtulescu.Nicoleta@yahoo.com|gr222|Bufnea
95|Vladimirescu Alexandru|Vladimirescu.Alexandru@yahoo.com|gr221|Czibula
96|Ardelean Paula|Ardelean.Paula@yahoo.com|gr223|Vancea
97|Dobrogean Stefan|Dobrogean.Stefan@yahoo.com|gr222|Serban
98|Pop Vlad|Pop.Vlad@yahoo.com|gr223|Bufnea
99|Muntean Antonia|Muntean.Antonia@yahoo.com|gr224|Vancea
100|Popa Antonia|Popa.Antonia@yahoo.com|gr221|Serban
101|proba|proba|221|Bufny
